slug,cms_content,display
vaovao,Vaovao,Vaovao
nationale,Nationale,Nationale
economie,Economie,Economie
sports,Sports,Sports
internationale,Monde,Internationale
sante-medecine,Médecine & Santé,Médecine & Santé
people,People,People
connected-life,High Tech,HighTech
gastronomie,Gastronomie,Gastronomie
tourisme-voyage,Tourisme & Voyage,Tourisme & Voyage
education-emploi,Education & Emploi,Education & Emploi
maison-jardin,Maison & Jardin,Maison & Jardin
auto-moto,Auto,Auto-Moto & Moto
famille,Famille,Famille
politique,Politique,Politique
culture,Culture,Culture
video,Vidéo,Vidéo
look-pour-lui-elle,Look pour lui & elle,Look pour lui & elle
sante-bien-etre,Santé & Bien-être,Santé & Bien-être
insolite,Insolite,Insolite
